,Country,Anomaly,Unc.
0,Albania,-0.8060833333333334,1.694
1,Andorra,-0.48025,1.9002499999999998
2,Austria,-0.58575,2.127916666666667
3,Bahamas,,
4,Belarus,-0.6101666666666667,2.0585
5,Belgium,-0.5375,2.279166666666667
6,Bosnia and Herz,-0.7214166666666665,1.8858333333333333
7,Bulgaria,-0.7989166666666666,1.6545833333333333
8,Croatia,-0.681,1.96875
9,Czechia,-0.5949166666666666,1.8096666666666668
10,Denmark,-0.5921666666666667,2.3859999999999997
11,Estonia,-0.35558333333333336,2.2775833333333333
12,Faeroe Is,-0.56975,1.8808333333333336
13,Finland,-0.35033333333333333,2.2794166666666666
14,France,-0.4608333333333334,2.076666666666667
15,Germany,-0.66825,2.2593333333333336
16,Guernsey,-0.3609166666666666,1.830416666666667
17,Hungary,-0.7103333333333334,1.9608333333333334
18,Ireland,-0.4924166666666667,1.9522500000000003
19,Isle of Man,-0.3499999999999999,1.990833333333333
20,Italy,-0.7066666666666667,1.9438333333333333
21,Jersey,-0.3609166666666666,1.830416666666667
22,Latvia,-0.44225000000000003,2.2555
23,Liechtenstein,-0.5181666666666667,2.242666666666666
24,Lithuania,-0.5516666666666667,2.2496666666666667
25,Luxembourg,-0.54775,2.2620833333333334
26,Macedonia,-0.8144166666666665,1.6907499999999998
27,Moldova,-0.8112499999999999,1.7765000000000002
28,Montenegro,-0.7532499999999999,1.7604999999999997
29,Netherlands,-0.5874166666666667,2.315083333333333
30,Norway,-0.48341666666666666,2.260166666666666
31,Poland,-0.71125,2.1854999999999998
32,Romania,-0.7871666666666667,1.76475
33,San Marino,-0.7291666666666666,2.00725
34,Serbia,-0.6620833333333335,1.5849166666666665
35,Slovakia,-0.7352499999999998,2.02575
36,Slovenia,-0.6383333333333333,2.0511666666666666
37,Spain,-0.5229166666666666,1.69575
38,St. Pierre and Miquelon,-1.1621666666666666,1.3637500000000002
39,Svalbard and Jan Mayen,-0.4325000000000001,2.3745
40,Sweden,-0.4476666666666665,2.4034166666666668
41,Switzerland,-0.5739166666666667,2.225333333333334
42,Ukraine,-0.7786666666666666,1.8201666666666665
43,United Kingdom,-0.4646666666666666,2.1753333333333336
44,United States,-0.7564545454545454,1.1997272727272728
45,Åland,-0.3984166666666667,1.3722500000000002
