,Country,Anomaly,Unc.
0,Albania,-0.8445833333333334,0.8786666666666666
1,Andorra,-0.6699999999999999,0.9569166666666665
2,Austria,-1.2314166666666664,0.9433333333333334
3,Bahamas,,
4,Belarus,-0.9088333333333334,1.0369166666666667
5,Belgium,-1.3861666666666668,0.9855
6,Bosnia and Herz,-0.9165000000000001,0.9225
7,Bulgaria,-0.8545833333333333,0.9760833333333334
8,Croatia,-0.9761666666666665,0.9289166666666667
9,Czechia,-1.3263333333333334,1.0689166666666667
10,Denmark,-1.5887499999999999,0.9657499999999999
11,Estonia,-1.17125,0.8760833333333333
12,Faeroe Is,-1.3929999999999998,0.97375
13,Finland,-1.3385833333333332,1.0305000000000002
14,France,-0.9591666666666668,0.9605833333333336
15,Germany,-1.4673333333333334,0.9951666666666666
16,Greenland,-1.4055,1.3279999999999998
17,Guernsey,-0.9331666666666666,0.9790833333333335
18,Hungary,-1.1443333333333332,0.9476666666666667
19,Ireland,-1.207583333333333,0.8315
20,Isle of Man,-1.1368333333333334,1.0166666666666668
21,Italy,-0.7644166666666669,0.924
22,Jersey,-0.9331666666666666,0.9790833333333335
23,Latvia,-1.1139999999999999,0.9106666666666666
24,Liechtenstein,-1.163916666666667,1.16475
25,Lithuania,-1.08575,0.9347499999999999
26,Luxembourg,-1.3708333333333333,1.0183333333333333
27,Macedonia,-0.8639166666666664,0.9231666666666666
28,Malta,-0.6351666666666665,0.8396666666666667
29,Moldova,-0.91025,1.1184166666666666
30,Montenegro,-0.8516666666666669,0.8999166666666666
31,Netherlands,-1.5130833333333331,1.0014166666666668
32,Norway,-1.4700833333333334,1.0934166666666667
33,Poland,-1.1801666666666668,0.9590833333333331
34,Portugal,-0.6783333333333333,0.8495833333333332
35,Romania,-0.9452500000000001,1.00575
36,San Marino,-0.8275,0.9199166666666666
37,Serbia,-0.8825,1.0481666666666667
38,Slovakia,-1.2366666666666666,0.9278333333333334
39,Slovenia,-1.0075,0.9358333333333332
40,Spain,-0.6565833333333334,0.8780000000000001
41,St. Pierre and Miquelon,-1.4239166666666663,1.1136666666666666
42,Svalbard and Jan Mayen,-0.8495833333333334,2.0880833333333335
43,Sweden,-1.5689166666666667,1.0290833333333336
44,Switzerland,-1.0710833333333334,1.1846666666666668
45,Ukraine,-0.8910833333333334,1.1363333333333332
46,United Kingdom,-1.3484166666666668,0.8719999999999999
47,United States,,
48,Åland,-1.5474166666666667,1.515
