,Country,Anomaly,Unc.
0,Albania,0.46883333333333327,1.2924166666666668
1,Algeria,,
2,Andorra,0.00708333333333333,1.3349166666666665
3,Austria,0.8928333333333334,1.4385000000000001
4,Bahamas,,
5,Belarus,1.0194166666666666,1.3499999999999999
6,Belgium,0.294,1.3866666666666667
7,Bosnia and Herz,0.7467499999999999,1.3966666666666667
8,Bulgaria,0.612,1.285
9,Croatia,0.8156666666666667,1.4221666666666664
10,Czechia,0.9631666666666666,1.3265
11,Denmark,0.5735,1.3132499999999998
12,Estonia,0.8534166666666668,1.2999166666666666
13,Faeroe Is,-0.031166666666666665,1.4944999999999997
14,Finland,0.6022500000000001,1.453083333333333
15,France,0.055583333333333346,1.3557500000000002
16,Germany,0.6504166666666666,1.4242499999999998
17,Greece,0.27016666666666667,1.2076666666666667
18,Greenland,0.008083333333333336,1.5213333333333334
19,Guernsey,-0.19649999999999998,1.4105833333333333
20,Hungary,1.0194166666666666,1.3940833333333333
21,Ireland,-0.4454166666666666,0.9979166666666668
22,Isle of Man,-0.054249999999999986,1.4308333333333332
23,Italy,0.3718333333333333,1.4163333333333332
24,Jersey,-0.19649999999999998,1.4105833333333333
25,Latvia,0.9651666666666667,1.3078333333333334
26,Liechtenstein,0.7523333333333334,1.5298333333333332
27,Lithuania,1.08075,1.3396666666666668
28,Luxembourg,0.3209166666666667,1.4479166666666667
29,Macedonia,0.51675,1.292
30,Malta,0.02566666666666667,1.3090833333333334
31,Mauritius,,
32,Mayotte,,
33,Moldova,0.79,1.3544166666666666
34,Montenegro,0.6294166666666666,1.3307499999999999
35,Morocco,,
36,Netherlands,0.38800000000000007,1.3470833333333332
37,Norway,0.5873333333333334,1.45875
38,Poland,1.1550833333333335,1.4163333333333332
39,Portugal,-0.35400000000000004,1.1219166666666667
40,Reunion,,
41,Romania,0.8365,1.3266666666666667
42,San Marino,0.5996666666666667,1.4525
43,Serbia,0.9225,1.27875
44,Slovakia,1.0865,1.3920833333333336
45,Slovenia,0.8469999999999999,1.4561666666666666
46,Spain,-0.23608333333333334,1.1973333333333336
47,Sri Lanka,0.05833333333333332,1.0030833333333333
48,St. Pierre and Miquelon,-0.5311666666666667,1.14175
49,Svalbard and Jan Mayen,0.35725,2.2152499999999997
50,Sweden,0.7052499999999999,1.4607500000000002
51,Switzerland,0.4595833333333333,1.4981666666666664
52,Tunisia,-0.016583333333333335,1.2615833333333335
53,Ukraine,0.7476666666666666,1.3663333333333334
54,United Kingdom,-0.24175,1.092666666666667
55,United States,-0.24366666666666667,1.0410000000000001
56,Åland,0.7249166666666667,1.6759166666666667
