,Country,Anomaly,Unc.
0,Albania,-0.12549999999999997,1.29075
1,Algeria,,
2,Andorra,-0.060666666666666674,1.2698333333333334
3,Austria,0.03275000000000003,1.3557500000000002
4,Bahamas,,
5,Belarus,-0.15116666666666667,1.2105833333333333
6,Belgium,0.17841666666666667,1.36425
7,Bosnia and Herz,-0.08825000000000001,1.3806666666666667
8,Bulgaria,-0.06975,1.2561666666666669
9,Croatia,-0.06516666666666666,1.4074166666666665
10,Czechia,0.00466666666666668,1.145
11,Denmark,-0.17666666666666667,1.4651666666666667
12,Estonia,-0.18558333333333335,1.1666666666666667
13,Faeroe Is,-0.2750833333333333,1.33075
14,Finland,-0.3115833333333333,1.3845833333333335
15,France,0.025166666666666695,1.32725
16,Germany,0.125,1.3830833333333334
17,Greece,-0.15866666666666665,1.2060833333333332
18,Greenland,,
19,Guernsey,-0.03400000000000002,1.0424166666666668
20,Hungary,-0.124,1.3547500000000001
21,Ireland,-0.21308333333333337,1.2619166666666666
22,Isle of Man,-0.17066666666666666,1.1178333333333335
23,Italy,-0.13733333333333334,1.4239166666666667
24,Jersey,-0.03400000000000002,1.0424166666666668
25,Latvia,-0.1871666666666667,1.2035
26,Liechtenstein,0.14466666666666667,1.2802499999999999
27,Lithuania,-0.23208333333333334,1.26025
28,Luxembourg,0.18199999999999997,1.3942500000000002
29,Macedonia,-0.11333333333333333,1.287
30,Malta,-0.1035,1.2707499999999998
31,Mauritius,,
32,Mayotte,,
33,Moldova,-0.128,1.2861666666666665
34,Montenegro,-0.08925,1.3248333333333333
35,Morocco,,
36,Netherlands,0.09916666666666663,1.3797499999999998
37,Norway,-0.4115833333333334,1.4730833333333333
38,Poland,-0.18241666666666667,1.3742500000000002
39,Portugal,0.07241666666666667,1.08625
40,Reunion,,
41,Romania,-0.12016666666666666,1.2763333333333333
42,San Marino,-0.10858333333333331,1.46825
43,Serbia,-0.06425000000000002,1.0824166666666668
44,Slovakia,-0.18975000000000006,1.3481666666666665
45,Slovenia,-0.01583333333333334,1.4319166666666667
46,Spain,0.02008333333333334,1.13925
47,St. Pierre and Miquelon,-0.5873333333333333,1.1675833333333332
48,Svalbard and Jan Mayen,-0.18141666666666667,2.159833333333333
49,Sweden,-0.45625000000000004,1.4658333333333333
50,Switzerland,0.041,1.3860833333333333
51,Tunisia,-0.03333333333333333,1.21275
52,Ukraine,-0.11441666666666665,1.2734166666666666
53,United Kingdom,-0.22475,1.3787500000000001
54,United States,,
55,Åland,-0.32658333333333334,2.018166666666666
