,Country,Anomaly,Unc.
0,Albania,-1.435833333333333,1.4192500000000001
1,Andorra,-1.10575,1.7186666666666666
2,Austria,-0.9245000000000001,1.814
3,Bahamas,-2.002,1.6588571428571428
4,Belarus,-1.3168333333333333,1.6464166666666664
5,Belgium,-0.573,2.2984166666666668
6,Bosnia and Herz,-1.2064166666666667,1.5614999999999999
7,Bulgaria,-1.5116666666666665,1.4098333333333333
8,Croatia,-1.1065833333333335,1.6265
9,Czechia,-0.8876666666666666,2.5913333333333335
10,Denmark,-0.5527500000000001,2.088583333333333
11,Estonia,-1.1996666666666667,1.7819166666666666
12,Faeroe Is,-1.4077499999999998,2.4611666666666667
13,Finland,-1.402666666666667,1.8313333333333333
14,France,-0.9420833333333332,1.9889999999999997
15,Germany,-0.6403333333333332,2.0845833333333332
16,Guernsey,-1.086833333333333,2.737416666666667
17,Hungary,-1.1675833333333332,1.6300833333333333
18,Ireland,-1.1186666666666665,1.7620833333333337
19,Isle of Man,-0.9761666666666665,2.9465000000000003
20,Italy,-1.1411666666666667,1.6054166666666667
21,Jersey,-1.086833333333333,2.737416666666667
22,Latvia,-1.1126666666666667,1.7533333333333332
23,Liechtenstein,-0.8646666666666666,1.9658333333333333
24,Lithuania,-1.0643333333333331,1.7398333333333336
25,Luxembourg,-0.6600833333333332,2.2745833333333336
26,Macedonia,-1.4671666666666667,1.43025
27,Moldova,-1.5502500000000003,1.52925
28,Montenegro,-1.3290833333333332,1.4742499999999998
29,Netherlands,-0.40075,2.368666666666667
30,Norway,-1.1332499999999999,1.83625
31,Poland,-0.9320833333333334,1.77375
32,Romania,-1.4320833333333332,1.495
33,San Marino,-1.0825,1.6275833333333332
34,Serbia,-1.4454166666666666,1.9689166666666666
35,Slovakia,-1.1261666666666665,1.6705833333333333
36,Slovenia,-1.0054999999999998,1.6940000000000002
37,St. Pierre and Miquelon,-2.5168333333333335,1.6339999999999997
38,Sweden,-0.9770833333333334,1.9360833333333332
39,Switzerland,-0.9515833333333337,2.0704166666666666
40,Ukraine,-1.5855833333333333,1.562833333333333
41,United Kingdom,-0.8697499999999999,1.9686666666666663
42,Åland,-0.75325,4.126833333333333
