,Country,Anomaly,Unc.
0,Albania,-0.9464166666666666,1.6741666666666664
1,Andorra,-0.818,1.9525
2,Austria,-0.6315000000000001,2.0620833333333333
3,Bahamas,,
4,Belarus,-1.006333333333333,1.8413333333333333
5,Belgium,-0.936,2.3280833333333333
6,Bosnia and Herz,-0.7659166666666667,1.8418333333333334
7,Bulgaria,-1.0346666666666666,1.6074166666666667
8,Croatia,-0.6965,1.91275
9,Czechia,-0.8010833333333335,1.7619999999999998
10,Denmark,-0.93575,2.5925833333333332
11,Estonia,-0.9119166666666666,2.073
12,Faeroe Is,-1.1834166666666666,1.7541666666666664
13,Finland,-1.0117500000000001,2.213083333333333
14,France,-0.8348333333333332,2.134
15,Germany,-0.7711666666666667,2.283333333333333
16,Guernsey,-0.8994166666666666,1.7458333333333333
17,Hungary,-0.8083333333333335,1.8905833333333335
18,Ireland,-1.25675,2.063
19,Isle of Man,-1.0302499999999999,1.8138333333333332
20,Italy,-0.7305,1.9047499999999997
21,Jersey,-0.8994166666666666,1.7458333333333333
22,Latvia,-0.8775833333333334,2.0614166666666667
23,Liechtenstein,-0.5746666666666667,2.1494999999999997
24,Lithuania,-0.8693333333333334,2.05875
25,Luxembourg,-0.85575,2.299583333333333
26,Macedonia,-0.9791666666666665,1.6661666666666664
27,Moldova,-1.1269166666666668,1.6895000000000004
28,Montenegro,-0.8581666666666665,1.731583333333333
29,Netherlands,-1.0128333333333333,2.3914166666666667
30,Norway,-0.9640833333333335,2.4527500000000004
31,Poland,-0.8224999999999999,2.0934999999999997
32,Romania,-1.00525,1.6944166666666665
33,San Marino,-0.65525,1.9466666666666665
34,Serbia,-0.92,1.5014166666666666
35,Slovakia,-0.8363333333333333,1.93725
36,Slovenia,-0.61925,1.9813333333333336
37,St. Pierre and Miquelon,-1.6464999999999999,1.47025
38,Svalbard and Jan Mayen,-1.05775,2.38125
39,Sweden,-0.8631666666666665,2.5554166666666664
40,Switzerland,-0.65075,2.1885
41,Ukraine,-1.1837499999999999,1.7029166666666669
42,United Kingdom,-1.1642500000000002,2.2665
43,Åland,-0.6076666666666667,2.3684166666666666
