,Country,Anomaly,Unc.
0,Albania,-0.16283333333333333,1.9100000000000001
1,Andorra,-0.18474999999999997,2.2436666666666665
2,Austria,0.25316666666666665,2.4710833333333335
3,Bahamas,,
4,Belarus,0.2886666666666667,2.347916666666667
5,Belgium,0.14500000000000002,2.6733333333333333
6,Bosnia and Herz,0.05050000000000001,2.1348333333333334
7,Bulgaria,-0.10983333333333335,1.8258333333333334
8,Croatia,0.12666666666666668,2.2383333333333337
9,Czechia,0.47041666666666665,1.083
10,Denmark,0.3085,2.69875
11,Estonia,0.2774166666666667,2.569083333333333
12,Faeroe Is,0.018416666666666675,1.446583333333333
13,Finland,-0.011083333333333329,2.4694166666666666
14,France,-0.05850000000000002,2.468583333333333
15,Germany,0.22608333333333333,2.6731666666666665
16,Guernsey,0.12025000000000001,1.0354166666666667
17,Hungary,0.24333333333333337,2.18125
18,Ireland,-0.0595,2.2855833333333333
19,Isle of Man,0.28075,1.35075
20,Italy,-0.12416666666666669,2.2818333333333336
21,Jersey,0.12025000000000001,1.0354166666666667
22,Latvia,0.3591666666666667,2.5637499999999998
23,Liechtenstein,0.04291666666666666,2.6390833333333332
24,Lithuania,0.4154166666666666,2.57
25,Luxembourg,0.09633333333333333,2.6849166666666666
26,Macedonia,-0.15033333333333335,1.8890000000000002
27,Moldova,-0.028833333333333336,1.9606666666666666
28,Montenegro,-0.044833333333333336,1.9871666666666667
29,Netherlands,0.24324999999999997,2.68825
30,Norway,0.07675000000000001,2.4544166666666665
31,Poland,0.38791666666666663,2.4873333333333334
32,Romania,0.03133333333333333,1.9568333333333336
33,San Marino,-0.020083333333333335,2.348
34,Serbia,0.14775,0.9184166666666668
35,Slovakia,0.30891666666666673,2.2423333333333333
36,Slovenia,0.16724999999999998,2.354416666666667
37,Spain,-0.3388333333333333,1.9710833333333329
38,St. Pierre and Miquelon,,
39,Svalbard and Jan Mayen,-0.24850000000000003,2.1308333333333334
40,Sweden,0.18816666666666668,2.6203333333333334
41,Switzerland,-0.05408333333333334,2.6494999999999997
42,Ukraine,-0.027500000000000007,2.012083333333333
43,United Kingdom,0.10825,2.517916666666667
44,United States,,
45,Åland,0.21475000000000002,1.9645000000000001
