,Country,Anomaly,Unc.
0,Albania,-0.631,1.194
1,Andorra,-0.449,1.0590000000000002
2,Austria,-0.37799999999999995,1.278
3,Belarus,-0.147,1.515
4,Belgium,-0.259,1.234
5,Bosnia and Herz,-0.521,1.258
6,Bulgaria,-0.579,1.253
7,Croatia,-0.47600000000000003,1.266
8,Czechia,-0.33399999999999996,0.74
9,Denmark,-0.215,1.735
10,Estonia,0.17,1.547
11,Faeroe Is,-0.273,0.866
12,Finland,0.046,1.599
13,France,-0.353,1.101
14,Germany,-0.271,1.374
15,Guernsey,-0.316,0.6459999999999999
16,Hungary,-0.45899999999999996,1.3359999999999999
17,Ireland,-0.49,1.1079999999999999
18,Isle of Man,-0.23199999999999998,0.7709999999999999
19,Italy,-0.552,1.117
20,Jersey,-0.316,0.6459999999999999
21,Latvia,0.091,1.5659999999999998
22,Liechtenstein,-0.33399999999999996,1.1740000000000002
23,Lithuania,-0.017,1.561
24,Luxembourg,-0.258,1.204
25,Macedonia,-0.626,1.23
26,Moldova,-0.504,1.4040000000000001
27,Montenegro,-0.562,1.222
28,Netherlands,-0.244,1.3659999999999999
29,Norway,-0.151,1.617
30,Poland,-0.24100000000000002,1.5230000000000001
31,Romania,-0.516,1.324
32,San Marino,-0.526,1.187
33,Serbia,-0.469,0.7659999999999999
34,Slovakia,-0.428,1.376
35,Slovenia,-0.433,1.2590000000000001
36,St. Pierre and Miquelon,-0.863,1.082
37,Sweden,-0.003,1.695
38,Switzerland,-0.366,1.0979999999999999
39,Ukraine,-0.44299999999999995,1.46
40,United Kingdom,-0.396,1.218
41,Åland,0.384,1.084
