,Country,Anomaly,Unc.
0,Albania,0.005083333333333319,1.1321666666666665
1,Andorra,0.14033333333333334,1.3414166666666667
2,Austria,0.3084166666666667,1.26775
3,Bahamas,,
4,Belarus,0.5366666666666667,1.4785833333333331
5,Belgium,0.5530833333333333,1.3954166666666667
6,Bosnia and Herz,0.14658333333333334,1.1904166666666667
7,Bulgaria,0.035833333333333335,1.1563333333333332
8,Croatia,0.20108333333333336,1.21175
9,Czechia,0.56125,1.4172500000000001
10,Denmark,0.9250833333333334,1.4233333333333331
11,Estonia,0.6413333333333334,1.4150833333333335
12,Faeroe Is,0.6055,1.5476666666666665
13,Finland,0.3559999999999999,1.2885000000000002
14,France,0.2571666666666666,1.3983333333333332
15,Germany,0.6101666666666667,1.3491666666666668
16,Guernsey,0.49366666666666664,1.40675
17,Hungary,0.244,1.1895833333333334
18,Ireland,0.38058333333333333,1.2231666666666665
19,Isle of Man,0.6949166666666667,1.4835833333333335
20,Italy,0.13958333333333336,1.2394166666666666
21,Jersey,0.49366666666666664,1.40675
22,Latvia,0.7472499999999999,1.51375
23,Liechtenstein,0.23566666666666666,1.3671666666666666
24,Lithuania,0.7941666666666668,1.5596666666666668
25,Luxembourg,0.4651666666666667,1.4318333333333333
26,Macedonia,0.004750000000000007,1.1520000000000001
27,Moldova,0.10966666666666665,1.2899166666666668
28,Montenegro,0.08575,1.1507500000000002
29,Netherlands,0.7424166666666666,1.3370833333333334
30,Norway,0.6875833333333333,1.4021666666666668
31,Poland,0.6162500000000001,1.3076666666666668
32,Romania,0.12866666666666668,1.1914166666666668
33,San Marino,0.16341666666666668,1.2384166666666667
34,Serbia,0.2976666666666667,1.1663333333333334
35,Slovakia,0.3136666666666666,1.1881666666666666
36,Slovenia,0.24366666666666667,1.2364166666666667
37,Spain,-0.0002500000000000002,1.2505833333333334
38,St. Pierre and Miquelon,,
39,Svalbard and Jan Mayen,0.264,2.21925
40,Sweden,0.8027500000000001,1.4021666666666668
41,Switzerland,0.1699166666666667,1.4543333333333335
42,Ukraine,0.14483333333333334,1.3489166666666668
43,United Kingdom,0.576,1.2787499999999998
44,United States,,
45,Åland,0.8726666666666665,1.0133333333333332
