,Country,Anomaly,Unc.
0,Albania,-0.42966666666666664,1.3542499999999997
1,Andorra,-0.2753333333333334,1.625416666666667
2,Austria,-0.18766666666666668,1.6504999999999999
3,Bahamas,0.266,0.849
4,Belarus,0.2095,1.5425833333333332
5,Belgium,-0.03991666666666665,1.8019166666666668
6,Bosnia and Herz,-0.3469166666666667,1.4651666666666665
7,Bulgaria,-0.3578333333333334,1.2964166666666668
8,Croatia,-0.3135,1.5189166666666667
9,Czechia,0.030750000000000003,1.21325
10,Denmark,0.19658333333333336,1.829666666666667
11,Estonia,0.5343333333333334,1.7723333333333333
12,Faeroe Is,-0.19566666666666666,1.4385000000000001
13,Finland,0.371,1.9001666666666666
14,France,-0.19541666666666666,1.7531666666666668
15,Germany,0.018499999999999996,1.773666666666667
16,Guernsey,-0.17391666666666664,1.3220833333333333
17,Hungary,-0.2373333333333333,1.4475
18,Ireland,-0.19066666666666668,1.8060833333333335
19,Isle of Man,-0.2070833333333333,1.4517499999999997
20,Italy,-0.3488333333333334,1.569416666666667
21,Jersey,-0.17391666666666664,1.3220833333333333
22,Latvia,0.5044166666666667,1.7294999999999998
23,Liechtenstein,-0.1666666666666667,1.76
24,Lithuania,0.41825,1.6905
25,Luxembourg,-0.08658333333333333,1.8043333333333331
26,Macedonia,-0.41891666666666666,1.3539999999999999
27,Moldova,-0.23358333333333337,1.3800833333333333
28,Montenegro,-0.3706666666666667,1.3866666666666667
29,Netherlands,0.03141666666666665,1.7958333333333332
30,Norway,0.1989166666666667,1.99475
31,Poland,0.18483333333333338,1.62475
32,Romania,-0.27175,1.34325
33,San Marino,-0.35875000000000007,1.5896666666666668
34,Serbia,-0.15025000000000002,1.1187499999999997
35,Slovakia,-0.13649999999999998,1.4793333333333332
36,Slovenia,-0.2858333333333334,1.5913333333333337
37,Spain,-0.28833333333333333,1.4816666666666667
38,St. Pierre and Miquelon,-0.49341666666666667,1.2877500000000002
39,Svalbard and Jan Mayen,0.07358333333333332,2.2365833333333334
40,Sweden,0.3985,2.047916666666667
41,Switzerland,-0.22425000000000003,1.7639166666666668
42,Ukraine,-0.14933333333333335,1.4241666666666666
43,United Kingdom,-0.07875,1.9191666666666667
44,United States,-0.20575000000000002,1.0845
45,Åland,0.7256666666666667,1.9705000000000004
