,Country,Anomaly,Unc.
0,Albania,-0.30974999999999997,1.19125
1,Andorra,-0.2363333333333333,1.4590000000000003
2,Austria,0.12383333333333331,1.39675
3,Bahamas,,
4,Belarus,0.06616666666666667,1.4049166666666666
5,Belgium,0.06850000000000002,1.533666666666667
6,Bosnia and Herz,-0.14291666666666666,1.28175
7,Bulgaria,-0.28325,1.1789166666666666
8,Croatia,-0.06941666666666667,1.319333333333333
9,Czechia,0.27941666666666665,1.2197500000000001
10,Denmark,0.3613333333333333,1.5748333333333333
11,Estonia,0.20875,1.5440833333333333
12,Faeroe Is,-0.02283333333333334,1.2972500000000002
13,Finland,0.07341666666666669,1.6563333333333332
14,France,-0.12891666666666665,1.5245833333333332
15,Germany,0.3210000000000001,1.4728333333333332
16,Guernsey,-0.04241666666666668,1.2393333333333334
17,Hungary,-0.023999999999999997,1.29675
18,Ireland,-0.2511666666666667,1.3475833333333334
19,Isle of Man,0.028833333333333325,1.2990000000000002
20,Italy,-0.19725,1.3604166666666666
21,Jersey,-0.04241666666666668,1.2393333333333334
22,Latvia,0.25,1.4998333333333331
23,Liechtenstein,0.12766666666666668,1.4918333333333333
24,Lithuania,0.2531666666666666,1.4613333333333334
25,Luxembourg,0.10225,1.5435833333333333
26,Macedonia,-0.3089166666666667,1.1995
27,Moldova,-0.23583333333333334,1.3111666666666668
28,Montenegro,-0.22124999999999997,1.2225833333333334
29,Netherlands,0.1306666666666667,1.49875
30,Norway,0.15050000000000005,1.6465833333333333
31,Poland,0.27325,1.3784166666666666
32,Romania,-0.19141666666666668,1.2329999999999999
33,San Marino,-0.15033333333333332,1.35125
34,Serbia,0.004416666666666666,1.0826666666666667
35,Slovakia,0.04966666666666666,1.3025833333333334
36,Slovenia,-0.00416666666666667,1.3611666666666666
37,St. Pierre and Miquelon,-0.4718333333333334,1.1846666666666665
38,Svalbard and Jan Mayen,0.07337500000000001,2.255
39,Sweden,0.28475,1.6835833333333332
40,Switzerland,0.00016666666666665755,1.5756666666666668
41,Ukraine,-0.22291666666666665,1.3579999999999999
42,United Kingdom,-0.11558333333333333,1.4487499999999998
43,Åland,0.38375000000000004,1.8944166666666664
