,Country,Anomaly,Unc.
0,Albania,0.14208333333333334,1.5306666666666668
1,Andorra,0.1370833333333333,1.6835833333333337
2,Austria,-0.09041666666666665,1.8412499999999998
3,Bahamas,,
4,Belarus,0.3383333333333333,1.7496666666666665
5,Belgium,-0.04674999999999999,1.8901666666666668
6,Bosnia and Herz,0.04741666666666667,1.6837499999999999
7,Bulgaria,0.011499999999999996,1.42175
8,Croatia,-0.005249999999999967,1.7456666666666665
9,Czechia,0.03183333333333334,1.441666666666667
10,Denmark,-0.44675,1.8771666666666664
11,Estonia,0.20550000000000002,1.8773333333333335
12,Faeroe Is,-0.5118333333333333,1.8497500000000002
13,Finland,0.08116666666666665,1.979666666666667
14,France,0.04150000000000001,1.7833333333333334
15,Germany,-0.18225000000000002,1.9091666666666667
16,Guernsey,-0.06283333333333332,1.3210000000000002
17,Hungary,0.034166666666666706,1.7250000000000003
18,Ireland,-0.18708333333333335,1.5536666666666665
19,Isle of Man,-0.47583333333333333,1.7981666666666667
20,Italy,-0.04133333333333334,1.72475
21,Jersey,-0.06283333333333332,1.3210000000000002
22,Latvia,0.20041666666666672,1.8413333333333333
23,Liechtenstein,-0.09533333333333334,1.8710833333333337
24,Lithuania,0.1484166666666667,1.8326666666666664
25,Luxembourg,-0.03625000000000001,1.8909166666666668
26,Macedonia,0.17550000000000002,1.5296666666666665
27,Moldova,0.32866666666666666,1.6128333333333333
28,Montenegro,0.13624999999999998,1.579416666666667
29,Netherlands,-0.14574999999999996,1.8973333333333333
30,Norway,-0.21883333333333335,1.9704999999999997
31,Poland,-0.030083333333333323,1.8295000000000001
32,Romania,0.23575,1.5825833333333332
33,San Marino,-0.09591666666666665,1.7789166666666667
34,Serbia,0.21308333333333337,1.2564166666666667
35,Slovakia,0.004750000000000004,1.7658333333333334
36,Slovenia,-0.057666666666666706,1.8101666666666667
37,Spain,0.3080833333333333,1.4969999999999999
38,St. Pierre and Miquelon,0.2190833333333333,1.15775
39,Svalbard and Jan Mayen,0.43424999999999997,2.263
40,Sweden,-0.2515833333333333,2.0075000000000003
41,Switzerland,-0.08933333333333332,1.8595
42,Ukraine,0.3873333333333333,1.6348333333333331
43,United Kingdom,-0.306,1.7575833333333335
44,United States,0.006999999999999999,1.097
45,Åland,-0.1571666666666667,1.8935833333333332
