,Country,Anomaly,Unc.
0,Albania,-1.119,1.2140909090909093
1,Andorra,-0.8651818181818183,1.1801818181818182
2,Austria,-0.688,1.313818181818182
3,Belarus,-0.7820909090909091,1.5586363636363638
4,Belgium,-0.3947272727272727,1.362272727272727
5,Bosnia and Herz,-0.9495454545454544,1.2576363636363637
6,Bulgaria,,
7,Croatia,-0.8736363636363635,1.2659999999999998
8,Czechia,,
9,Denmark,-0.31381818181818183,1.6544545454545456
10,Estonia,-0.6336363636363637,1.719909090909091
11,Faeroe Is,,
12,Finland,-0.8126363636363636,1.8302727272727273
13,France,-0.6905454545454546,1.243090909090909
14,Germany,-0.3937272727272727,1.4339090909090908
15,Guernsey,,
16,Hungary,-0.8649999999999999,1.3220909090909092
17,Ireland,-0.8251818181818183,1.2450909090909088
18,Isle of Man,,
19,Italy,-0.9426363636363635,1.1665454545454546
20,Jersey,,
21,Latvia,-0.5935454545454545,1.6589999999999998
22,Liechtenstein,-0.6208181818181818,1.2885454545454544
23,Lithuania,-0.5895454545454545,1.5991818181818183
24,Luxembourg,-0.43390909090909086,1.359727272727273
25,Macedonia,-1.1260000000000001,1.2507272727272727
26,Moldova,-1.0774545454545457,1.4094545454545455
27,Montenegro,-1.031,1.232181818181818
28,Netherlands,-0.29009090909090907,1.442
29,Norway,-0.7165454545454546,1.778909090909091
30,Poland,-0.5640909090909092,1.4730000000000003
31,Romania,-1.0306363636363636,1.3162727272727273
32,San Marino,-0.9107272727272728,1.1853636363636364
33,Serbia,,
34,Slovakia,-0.805,1.3479999999999999
35,Slovenia,-0.7999999999999999,1.2617272727272728
36,St. Pierre and Miquelon,,
37,Sweden,-0.5760909090909091,1.852818181818182
38,Switzerland,-0.6769090909090909,1.251
39,Ukraine,-1.0588181818181817,1.4880909090909091
40,United Kingdom,-0.6428181818181818,1.3335454545454546
41,Åland,,
