,Country,Anomaly,Unc.
0,Albania,-0.515,0.8630833333333334
1,Andorra,-0.30341666666666667,0.8401666666666667
2,Austria,-0.2991666666666667,0.8895833333333334
3,Bahamas,,
4,Belarus,-0.17841666666666667,1.0455
5,Belgium,-0.3511666666666667,0.8915000000000001
6,Bosnia and Herz,-0.38633333333333336,0.8979166666666668
7,Bulgaria,-0.5089166666666666,0.9334166666666667
8,Croatia,-0.34425,0.8992499999999999
9,Czechia,-0.2164166666666667,1.3620833333333335
10,Denmark,-0.15391666666666667,1.1299166666666667
11,Estonia,-0.2041666666666667,0.8813333333333331
12,Faeroe Is,-0.7353333333333333,1.4344166666666667
13,Finland,-0.36674999999999996,0.9141666666666666
14,France,-0.3309166666666667,0.8723333333333333
15,Germany,-0.30683333333333335,0.9130833333333332
16,Guernsey,-0.27816666666666673,1.2645833333333334
17,Hungary,-0.3393333333333333,0.8961666666666669
18,Ireland,-0.8300000000000001,0.8743333333333334
19,Isle of Man,-0.512,1.3194166666666667
20,Italy,-0.4015,0.84675
21,Jersey,-0.27816666666666673,1.2645833333333334
22,Latvia,-0.11258333333333333,1.0179166666666668
23,Liechtenstein,-0.25933333333333336,0.91975
24,Lithuania,-0.07066666666666667,1.0805833333333335
25,Luxembourg,-0.35225,0.8977500000000002
26,Macedonia,-0.5230833333333333,0.9021666666666667
27,Malta,-0.503,0.8054166666666666
28,Moldova,-0.46475,1.0555833333333333
29,Montenegro,-0.4380833333333334,0.8806666666666666
30,Netherlands,-0.338,0.9135833333333334
31,Norway,-0.31833333333333336,0.9553333333333334
32,Poland,-0.18783333333333332,0.9517500000000001
33,Portugal,-0.6099166666666667,0.7655833333333333
34,Romania,-0.4349166666666667,0.9509166666666665
35,San Marino,-0.38766666666666666,0.8875000000000002
36,Serbia,-0.24516666666666667,1.2671666666666666
37,Slovakia,-0.32958333333333334,0.888
38,Slovenia,-0.3135833333333333,0.9014166666666665
39,Spain,-0.48625,0.7829166666666666
40,St. Pierre and Miquelon,-1.1539166666666667,1.2351666666666665
41,Svalbard and Jan Mayen,-0.41516666666666663,2.18075
42,Sweden,-0.19600000000000004,0.91025
43,Switzerland,-0.3336666666666667,0.9411666666666668
44,Ukraine,-0.4551666666666667,1.0690833333333332
45,United Kingdom,-0.6908333333333334,0.9049166666666668
46,United States,,
47,Åland,-0.15991666666666668,1.3324166666666668
