,Country,Anomaly,Unc.
0,Albania,-0.8316666666666667,1.403833333333333
1,Andorra,-0.5059166666666667,1.3814166666666667
2,Austria,-0.7689166666666667,1.7204999999999997
3,Bahamas,,
4,Belarus,-0.248,1.7865
5,Belgium,-0.4886666666666666,1.7349166666666669
6,Bosnia and Herz,-0.8300833333333332,1.5447500000000003
7,Bulgaria,-0.7609166666666666,1.4036666666666668
8,Croatia,-0.8244166666666667,1.6024166666666668
9,Czechia,-0.7640833333333332,1.019
10,Denmark,-0.19458333333333333,2.2365
11,Estonia,0.17591666666666664,2.05625
12,Faeroe Is,-0.5445833333333333,1.3578333333333334
13,Finland,0.14491666666666667,2.1980833333333334
14,France,-0.49275,1.5185000000000002
15,Germany,-0.5533333333333333,1.845666666666667
16,Guernsey,-0.42124999999999996,1.0540833333333335
17,Hungary,-0.8135,1.5960833333333333
18,Ireland,-0.6185833333333334,1.6693333333333333
19,Isle of Man,-0.5615833333333334,1.2618333333333334
20,Italy,-0.74825,1.5208333333333333
21,Jersey,-0.42124999999999996,1.0540833333333335
22,Latvia,0.07125,2.0070833333333336
23,Liechtenstein,-0.6297499999999999,1.7588333333333332
24,Lithuania,-0.09149999999999998,1.968
25,Luxembourg,-0.5100833333333333,1.7099166666666665
26,Macedonia,-0.8260833333333334,1.4186666666666667
27,Moldova,-0.6661666666666667,1.5355
28,Montenegro,-0.8119166666666665,1.4526666666666668
29,Netherlands,-0.44816666666666666,1.8378333333333334
30,Norway,-0.19066666666666668,2.087166666666666
31,Poland,-0.4879166666666667,1.8422500000000002
32,Romania,-0.74175,1.4845833333333331
33,San Marino,-0.8338333333333333,1.6053333333333333
34,Serbia,-0.6195833333333333,0.9880000000000001
35,Slovakia,-0.78675,1.6479999999999997
36,Slovenia,-0.8153333333333334,1.67175
37,Spain,-0.4850833333333333,1.289
38,St. Pierre and Miquelon,-0.7727499999999999,1.1784166666666667
39,Svalbard and Jan Mayen,-0.05675,2.1199166666666667
40,Sweden,-0.01458333333333333,2.2542500000000003
41,Switzerland,-0.597,1.6553333333333333
42,Ukraine,-0.5535833333333332,1.594833333333333
43,United Kingdom,-0.5685,1.843416666666667
44,United States,-0.3159166666666667,0.968
45,Åland,0.25325000000000003,1.9050833333333337
