,Country,Anomaly,Unc.
0,Albania,-1.13825,0.9130833333333334
1,Andorra,-0.62925,1.0922499999999997
2,Austria,-0.22833333333333328,0.979
3,Bahamas,,
4,Belarus,-1.3320833333333333,1.0831666666666666
5,Belgium,-0.2101666666666667,1.1291666666666669
6,Bosnia and Herz,-0.7365,0.9489166666666667
7,Bulgaria,-1.3664999999999996,0.9606666666666667
8,Croatia,-0.5558333333333333,0.9556666666666666
9,Czechia,-0.29016666666666663,1.099
10,Denmark,-0.24733333333333332,0.9583333333333334
11,Estonia,-1.295,1.089416666666667
12,Faeroe Is,-1.2818333333333334,1.1341666666666665
13,Finland,-1.6352499999999999,1.3198333333333334
14,France,-0.4245833333333333,1.1208333333333336
15,Germany,-0.04949999999999998,1.00375
16,Guernsey,-0.5928333333333333,1.0706666666666667
17,Hungary,-0.71575,0.9510833333333334
18,Ireland,-1.22225,0.9954166666666667
19,Isle of Man,-0.7587500000000004,1.1325833333333335
20,Italy,-0.54725,0.9703333333333332
21,Jersey,-0.5928333333333333,1.0706666666666667
22,Latvia,-1.1164166666666666,1.02525
23,Liechtenstein,-0.027000000000000007,1.0499166666666666
24,Lithuania,-0.9682499999999999,0.9824166666666668
25,Luxembourg,-0.12175000000000001,1.1469166666666666
26,Macedonia,-1.2125000000000001,0.9451666666666667
27,Moldova,-1.5081666666666667,1.11325
28,Montenegro,-0.9722500000000002,0.9283333333333332
29,Netherlands,-0.2310833333333334,1.0746666666666667
30,Norway,-1.2206666666666666,1.2185
31,Poland,-0.5720000000000001,0.91525
32,Romania,-1.2419166666666668,0.98775
33,San Marino,-0.44541666666666674,0.9582499999999999
34,Serbia,-0.8639166666666668,0.97975
35,Slovakia,-0.681,0.93025
36,Slovenia,-0.3668333333333334,0.9660000000000001
37,St. Pierre and Miquelon,-2.2096666666666667,1.1434166666666667
38,Sweden,-0.9644166666666667,1.159
39,Switzerland,-0.07708333333333335,1.1078333333333332
40,Ukraine,-1.6391666666666664,1.1621666666666666
41,United Kingdom,-0.8900000000000001,1.0337500000000002
42,Åland,-0.7021666666666665,3.791416666666667
