,Country,Anomaly,Unc.
0,Albania,-0.4012500000000001,1.4028333333333334
1,Andorra,-0.37250000000000005,1.7054166666666666
2,Austria,-0.1764166666666667,1.7144166666666667
3,Bahamas,,
4,Belarus,-0.18875,1.7568333333333335
5,Belgium,-0.3726666666666667,1.7590833333333336
6,Bosnia and Herz,-0.27858333333333335,1.5429166666666665
7,Bulgaria,,
8,Croatia,-0.238,1.6045833333333333
9,Czechia,-0.22958333333333333,1.1830833333333333
10,Denmark,-0.44516666666666665,1.9390833333333333
11,Estonia,-0.16458333333333333,2.0275000000000003
12,Faeroe Is,-0.8698333333333333,1.2524166666666667
13,Finland,-0.4988333333333334,2.0396666666666667
14,France,-0.39499999999999996,1.784
15,Germany,-0.24649999999999997,1.8245833333333332
16,Guernsey,-0.4685000000000001,1.1598333333333335
17,Hungary,-0.25983333333333336,1.6148333333333333
18,Ireland,-0.7674166666666667,1.4892500000000002
19,Isle of Man,-0.5993333333333334,1.1419166666666667
20,Italy,-0.29833333333333334,1.6079999999999999
21,Jersey,-0.4685000000000001,1.1598333333333335
22,Latvia,-0.10999999999999999,1.9552499999999997
23,Liechtenstein,-0.14916666666666667,1.7620833333333332
24,Lithuania,-0.11433333333333333,1.9115833333333334
25,Luxembourg,-0.33275000000000005,1.7928333333333333
26,Macedonia,-0.40458333333333324,1.411583333333333
27,Moldova,-0.1442857142857143,1.5325714285714287
28,Montenegro,-0.32583333333333336,1.4504166666666667
29,Netherlands,-0.3893333333333333,1.7329999999999999
30,Norway,-0.7029166666666665,1.9081666666666663
31,Poland,-0.18633333333333332,1.8070833333333336
32,Romania,-0.33958333333333335,1.48425
33,San Marino,-0.26558333333333334,1.6185833333333333
34,Serbia,-0.2215,1.1055
35,Slovakia,-0.25875000000000004,1.6698333333333333
36,Slovenia,-0.19758333333333333,1.6609166666666668
37,Spain,-0.4285,1.5545
38,St. Pierre and Miquelon,-0.856,1.1293636363636366
39,Svalbard and Jan Mayen,-0.3685714285714286,2.2922857142857143
40,Sweden,-0.5187499999999999,2.0897500000000004
41,Switzerland,-0.23591666666666666,1.8264166666666666
42,Ukraine,-0.1325714285714286,1.572142857142857
43,United Kingdom,-0.7070833333333333,1.6464999999999999
44,Åland,-0.03883333333333333,2.3199166666666664
