,Country,Anomaly,Unc.
0,Albania,0.437,0.9463333333333331
1,Algeria,,
2,Andorra,0.03141666666666667,0.7980833333333334
3,Austria,0.26358333333333334,1.0575833333333333
4,Bahamas,0.006083333333333333,0.6970000000000001
5,Belarus,0.2296666666666666,1.1793333333333333
6,Belgium,-0.24908333333333332,1.1497499999999998
7,Bosnia and Herz,0.44783333333333325,1.0285
8,Bulgaria,0.4573333333333333,1.01
9,Croatia,0.40733333333333327,1.0574166666666667
10,Czechia,0.11325,0.9108333333333333
11,Denmark,-0.46508333333333346,1.0885
12,Estonia,-0.29041666666666666,1.2285000000000001
13,Faeroe Is,-0.6873333333333332,0.9664999999999999
14,Finland,-0.7758333333333333,1.3110833333333334
15,France,-0.019666666666666666,0.9790000000000002
16,Germany,-0.026250000000000006,1.1028333333333333
17,Greece,0.34349999999999997,0.9155833333333333
18,Greenland,-0.5355000000000001,1.246
19,Guernsey,-0.15133333333333335,0.93
20,Hungary,0.3625,1.0645833333333332
21,Ireland,-0.4214166666666667,0.8094166666666666
22,Isle of Man,-0.2981666666666667,0.9693333333333333
23,Italy,0.40891666666666665,1.0128333333333335
24,Jersey,-0.15133333333333335,0.93
25,Latvia,-0.082,1.1988333333333334
26,Liechtenstein,0.38158333333333333,1.0465833333333332
27,Lithuania,0.07483333333333338,1.1759166666666667
28,Luxembourg,-0.12191666666666667,1.1339166666666667
29,Macedonia,0.44225,0.9743333333333335
30,Malta,0.44225,0.8174999999999999
31,Mauritius,,
32,Mayotte,,
33,Moldova,0.37274999999999997,1.1588333333333334
34,Montenegro,0.4749166666666666,0.97775
35,Morocco,,
36,Netherlands,-0.33225,1.1061666666666665
37,Norway,-0.6993333333333333,1.1831666666666667
38,Poland,0.1616666666666667,1.1726666666666667
39,Portugal,-0.14616666666666667,0.7815833333333333
40,Reunion,,
41,Romania,0.4279166666666667,1.0542500000000001
42,San Marino,0.3834166666666667,1.13575
43,Serbia,0.6270833333333333,0.8290833333333335
44,Slovakia,0.2700833333333333,1.113
45,Slovenia,0.38091666666666674,1.098
46,Spain,-0.08575,0.767
47,Sri Lanka,0.14574999999999996,0.6543333333333333
48,St. Pierre and Miquelon,-0.17616666666666667,1.1606666666666665
49,Svalbard and Jan Mayen,-0.1695,2.0408333333333335
50,Sweden,-0.7350833333333333,1.18475
51,Switzerland,0.30324999999999996,1.1444166666666666
52,Tunisia,0.3119166666666667,0.7839166666666667
53,Ukraine,0.2876666666666666,1.2119166666666668
54,United Kingdom,-0.4930833333333333,0.8902500000000001
55,United States,,
56,Åland,-0.6325,1.297
