,Country,Anomaly,Unc.
0,Albania,-0.2956666666666667,1.0571666666666666
1,Andorra,-0.2034166666666667,0.9039166666666666
2,Austria,-0.07974999999999999,1.1564166666666666
3,Bahamas,,
4,Belarus,-0.43616666666666665,0.9845
5,Belgium,-0.11683333333333329,1.0719166666666669
6,Bosnia and Herz,-0.16241666666666665,1.11325
7,Bulgaria,-0.3761666666666667,1.1075833333333334
8,Croatia,-0.11258333333333331,1.1378333333333333
9,Czechia,-0.14283333333333334,1.28575
10,Denmark,-0.44416666666666665,1.0535833333333335
11,Estonia,-0.47300000000000003,0.9145
12,Faeroe Is,-0.40725000000000006,1.2749166666666667
13,Finland,-0.5219166666666666,1.2376666666666665
14,France,-0.14075000000000007,1.0535833333333333
15,Germany,-0.14508333333333337,1.0829166666666667
16,Greenland,-0.301,1.5786666666666669
17,Guernsey,-0.19025,1.2031666666666665
18,Hungary,-0.2654166666666666,1.1295833333333334
19,Ireland,-0.47041666666666665,1.0696666666666668
20,Isle of Man,-0.24399999999999997,1.2770833333333333
21,Italy,-0.04808333333333337,1.0853333333333335
22,Jersey,-0.19025,1.2031666666666665
23,Latvia,-0.47841666666666666,0.8530833333333332
24,Liechtenstein,0.03633333333333332,1.1987499999999998
25,Lithuania,-0.4663333333333333,0.8845000000000001
26,Luxembourg,-0.08225,1.0945833333333332
27,Macedonia,-0.32808333333333334,1.09275
28,Malta,-0.2585833333333333,0.972
29,Mauritius,-0.7456,1.0304
30,Mayotte,-0.6008,0.6571999999999999
31,Moldova,-0.4775,1.17425
32,Montenegro,-0.22466666666666668,1.0861666666666665
33,Morocco,,
34,Netherlands,-0.16441666666666668,1.0491666666666666
35,Norway,-0.5230833333333335,1.2944166666666665
36,Poland,-0.32416666666666666,1.14225
37,Portugal,-0.55625,0.7108333333333333
38,Reunion,-0.6232,0.7796
39,Romania,-0.38233333333333336,1.12325
40,San Marino,-0.020083333333333297,1.131
41,Serbia,-0.12658333333333338,1.184
42,Slovakia,-0.3164166666666667,1.1239166666666667
43,Slovenia,-0.04508333333333337,1.1578333333333333
44,Spain,-0.43850000000000006,0.7421666666666668
45,St. Pierre and Miquelon,-0.9237500000000001,1.1300833333333333
46,Svalbard and Jan Mayen,-0.22288888888888891,2.154777777777778
47,Sweden,-0.5795833333333333,1.2114166666666666
48,Switzerland,0.04324999999999999,1.2208333333333332
49,Tunisia,,
50,Ukraine,-0.5174166666666667,1.1583333333333334
51,United Kingdom,-0.39691666666666675,1.12275
52,United States,,
53,Åland,-0.7132499999999999,3.3313333333333333
