,Country,Anomaly,Unc.
0,Albania,0.018333333333333344,0.8535833333333334
1,Andorra,0.03141666666666665,0.7465
2,Austria,0.012250000000000002,0.8864166666666667
3,Bahamas,,
4,Belarus,-0.7546666666666667,0.8446666666666666
5,Belgium,-0.105,0.93175
6,Bosnia and Herz,0.07016666666666665,0.883
7,Bulgaria,-0.10533333333333332,0.9285
8,Croatia,0.08683333333333336,0.8887499999999999
9,Czechia,-0.29058333333333336,1.0370000000000001
10,Denmark,-0.6306666666666666,1.0135833333333333
11,Estonia,-1.09575,0.7567499999999999
12,Faeroe Is,-0.20533333333333337,0.9716666666666667
13,Finland,-1.014,1.0296666666666667
14,France,-0.015083333333333318,0.8365
15,Germany,-0.22058333333333335,0.9152499999999999
16,Greenland,,
17,Guernsey,-0.04075000000000003,0.8681666666666666
18,Hungary,-0.19766666666666666,0.9075833333333335
19,Ireland,-0.26799999999999996,1.0156666666666667
20,Isle of Man,-0.1978333333333333,0.8526666666666666
21,Italy,0.18500000000000003,0.8100000000000002
22,Jersey,-0.04075000000000003,0.8681666666666666
23,Latvia,-1.01725,0.778
24,Liechtenstein,0.15933333333333333,0.9078333333333335
25,Lithuania,-0.9198333333333334,0.8201666666666667
26,Luxembourg,-0.06816666666666667,0.9175833333333335
27,Macedonia,-0.026083333333333333,0.8979999999999998
28,Malta,0.13583333333333336,0.8045
29,Mauritius,-0.48933333333333334,0.8235000000000001
30,Mayotte,-0.13433333333333333,0.6816666666666668
31,Moldova,-0.3794166666666667,1.0016666666666667
32,Montenegro,0.04716666666666667,0.8725
33,Morocco,,
34,Netherlands,-0.212,0.9770000000000002
35,Norway,-0.6230833333333333,1.13375
36,Poland,-0.5638333333333333,0.8414166666666665
37,Portugal,-0.042,0.7961666666666667
38,Reunion,-0.3368333333333333,0.9478333333333332
39,Romania,-0.24783333333333332,0.9338333333333333
40,San Marino,0.22350000000000003,0.8438333333333333
41,Serbia,0.009166666666666665,0.9786666666666668
42,Slovakia,-0.3635,0.8724166666666667
43,Slovenia,0.14741666666666667,0.8826666666666667
44,Spain,-0.0008333333333333434,0.7565000000000001
45,St. Pierre and Miquelon,-0.26616666666666666,1.0669166666666665
46,Svalbard and Jan Mayen,,
47,Sweden,-0.9385833333333333,0.9793333333333334
48,Switzerland,0.12099999999999995,0.9000833333333332
49,Tunisia,,
50,Ukraine,-0.4925833333333333,0.9785833333333334
51,United Kingdom,-0.3195,1.042
52,United States,,
53,Åland,-1.2366666666666666,1.04475
