,Country,Anomaly,Unc.
0,Albania,-0.23083333333333336,1.50725
1,Algeria,,
2,Andorra,0.127,2.041
3,Austria,0.4324166666666667,2.1435833333333334
4,Bahamas,-0.1721666666666667,1.4725833333333334
5,Belarus,0.3938333333333333,1.9210833333333337
6,Belgium,0.37333333333333335,2.107583333333333
7,Bosnia and Herz,0.07899999999999999,1.7863333333333336
8,Bulgaria,-0.1620833333333333,1.5356666666666667
9,Croatia,0.22358333333333333,1.9161666666666664
10,Czechia,0.3705,2.6278333333333332
11,Denmark,0.29150000000000004,2.30325
12,Estonia,0.7151666666666667,1.913
13,Faeroe Is,-0.06683333333333334,2.3280833333333333
14,Finland,0.4160833333333333,1.9366666666666665
15,France,0.27591666666666664,2.088083333333333
16,Germany,0.47025,2.1764999999999994
17,Greece,-0.4100833333333333,1.3760000000000001
18,Greenland,,
19,Guernsey,0.1708333333333333,2.346333333333333
20,Hungary,0.10616666666666665,1.9818333333333331
21,Ireland,-0.19899999999999998,2.063916666666667
22,Isle of Man,0.016916666666666663,2.4964999999999997
23,Italy,0.14491666666666667,1.7380833333333332
24,Jersey,0.1708333333333333,2.346333333333333
25,Latvia,0.6356666666666667,1.9970833333333333
26,Liechtenstein,0.6686666666666666,2.144
27,Lithuania,0.5001666666666668,2.1010000000000004
28,Luxembourg,0.4599166666666667,2.0940833333333333
29,Macedonia,-0.22324999999999995,1.5258333333333332
30,Malta,-0.51375,1.4094166666666668
31,Mauritius,,
32,Mayotte,,
33,Moldova,-0.02649999999999998,1.71925
34,Montenegro,-0.08733333333333332,1.6195833333333336
35,Morocco,,
36,Netherlands,0.3038333333333333,2.1698333333333335
37,Norway,0.10258333333333332,2.18075
38,Poland,0.33008333333333334,2.1938333333333335
39,Portugal,-0.011083333333333329,1.7568333333333335
40,Reunion,,
41,Romania,-0.04166666666666674,1.7177499999999999
42,San Marino,0.35683333333333334,1.9329166666666666
43,Serbia,0.03733333333333333,1.967083333333333
44,Slovakia,0.1359166666666667,2.0985
45,Slovenia,0.3994166666666667,2.0370000000000004
46,Spain,0.015416666666666662,1.8549999999999998
47,St. Pierre and Miquelon,-0.39583333333333326,1.83725
48,Svalbard and Jan Mayen,0.06008333333333334,2.5321666666666665
49,Sweden,0.2840833333333333,2.249916666666667
50,Switzerland,0.5285000000000001,2.0987499999999994
51,Tunisia,-0.34308333333333335,1.35625
52,Ukraine,0.07341666666666667,1.7535833333333333
53,United Kingdom,-0.0835,2.207666666666667
54,United States,,
55,Åland,0.6035,2.804166666666666
